{
  "project_info": {
    "project_number": "607633651718",
    "project_id": "department-infos",
    "storage_bucket": "department-infos.appspot.com"
  },
  "client": [
    {
      "client_info": {
        "mobilesdk_app_id": "1:607633651718:android:3e335a59a3491ec19dab87",
        "android_client_info": {
          "package_name": "com.app.departmentinfos"
        }
      },
      "oauth_client": [
        {
          "client_id": "607633651718-bo9j3uu1eug8c5medscr96fsgksvc84f.apps.googleusercontent.com",
          "client_type": 1,
          "android_info": {
            "package_name": "com.app.departmentinfos",
            "certificate_hash": "91144bf78a9eb2a7e5da623b5875c3b9e2374057"
          }
        },
        {
          "client_id": "607633651718-09qir68dj6rdg440eq8sbhlfdvhmklue.apps.googleusercontent.com",
          "client_type": 3
        }
      ],
      "api_key": [
        {
          "current_key": "AIzaSyBQQCvqQrsGHG4kuuZ4tjyxeWfqqs_B4KE"
        }
      ],
      "services": {
        "appinvite_service": {
          "other_platform_oauth_client": [
            {
              "client_id": "607633651718-09qir68dj6rdg440eq8sbhlfdvhmklue.apps.googleusercontent.com",
              "client_type": 3
            }
          ]
        }
      }
    }
  ],
  "configuration_version": "1"
}